url,label
http://tiktok-verify.account-check.net,1
http://urgent-account-verification.com/paypal,1
https://www.nih.gov,0
http://admin@secure-login.com@malicious.net,1
https://www.digitalocean.com,0
http://facebook-security-check.ml/verify,1
http://confirm-identity-immediately.org,1
http://security-verification-portal.net/verify,1
https://www.theguardian.com,0
https://www.khanacademy.org,0
https://www.apple.com,0
https://www.coinbase.com,0
http://login.secure-paypal.com.phishing-site.com,1
https://cloud.google.com,0
http://unusual-activity-detected.net/confirm,1
http://instagram.confirm-identity.ml/verify,1
http://capital-one.security-alert.com,1
https://www.disneyplus.com,0
https://www.ebay.com,0
http://ebay-account.verify-seller.net,1
https://www.bankofamerica.com,0
https://www.mit.edu,0
https://azure.microsoft.com,0
http://account-verify.ga/signin,1
http://usbank.verify-account.org,1
https://www.airbnb.com,0
http://secure-update-required.net/login,1
http://twitter.account-suspended.com/appeal,1
https://www.whatsapp.com,0
https://www.uber.com,0
https://www.aliexpress.com,0
http://crypto-exchange.security-check.com,1
https://www.docker.com,0
https://www.hbo.com,0
http://subscription-renewal-required.net/payment,1
http://secure-payment.ml/verify,1
https://www.udemy.com,0
http://payment-method-update.com/billing,1
http://account-reactivation-center.com/signin,1
http://update-now.cf/account,1
http://google-security.tk/signin,1
https://verify.amazon-account.com/signin,1
https://www.hulu.com,0
https://www.citibank.com,0
https://www.kraken.com,0
https://www.bing.com,0
https://www.reddit.com,0
https://account.microsoft-support.net/update,1
https://www.amazon.com/dp/B08N5WRWNW,0
https://www.forbes.com,0
https://stackoverflow.com/questions/12345,0
https://www.stripe.com,0
http://paypal-update.account-verify.com,1
https://www.grubhub.com,0
http://account-limitation-remove.com/signin,1
https://www.amazon.com,0
https://www.irs.gov,0
https://www.google.com,0
https://www.outlook.com,0
http://10.0.0.1/secure/verify,1
https://www.paypal.com,0
https://www.chase.com,0
https://www.bbc.com,0
http://payment-method-update-billing-information.com,1
http://app1e.com/id,1
https://docs.google.com,0
http://verify-your-account-now.com,1
https://www.walmart.com,0
http://bank-account-security-verification-required.net,1
https://www.gmail.com,0
http://microsoft-support.xyz/update,1
http://chase.com-secure-login.net,1
http://172.16.0.1/account/update,1
https://www.nytimes.com,0
http://paypal.security-check.org/update,1
http://gooogle.com/signin,1
https://www.usbank.com,0
https://www.slack.com,0
https://www.stackoverflow.com,0
http://apple.id-verification.xyz/login,1
https://www.reuters.com,0
https://www.yahoo.com,0
http://paypal-secure.login-verification.com/signin,1
https://www.gitlab.com,0
http://signin.google.com.fake-domain.net,1
http://identity-confirmation-required.net/verify,1
http://security-breach-action.com/verify,1
https://www.twitch.tv,0
http://legitimate-bank.tk/login,1
https://update.apple-id.net/account,1
https://www.npmjs.com,0
https://www.pypi.org,0
http://192.168.1.100/login.php,1
http://security-alert-action-required.net,1
https://www.heroku.com,0
http://malicious.com/update?user=victim&pass=stolen&redirect=real-site.com,1
http://phishing.com/login?redirect=http://legitimate.com,1
https://www.facebook.com,0
https://signin.google-security.org/verify,1
https://www.shopify.com,0
https://www.wikipedia.org,0
https://www.salesforce.com,0
https://www.doordash.com,0
https://login.microsoft.com,0
http://bankofamerica-secure.verify-now.com,1
https://www.github.com,0
https://www.bitbucket.org,0
https://www.amazon.com/gp/product,0
http://verify-account-information.com/update,1
http://secure.bankofamerica.com.verify-account.com,1
http://faceboook.com/login,1
http://suspended-account-restore.net/login,1
https://www.archive.org,0
https://aws.amazon.com,0
http://security-notification-center.net/verify,1
https://www.expedia.com,0
https://www.edx.org,0
https://www.spotify.com,0
https://www.target.com,0
http://binance-security.verify-now.com,1
http://secure.bankofamerica.verify.update-account.net,1
https://mail.google.com,0
http://secure-paypal.com-login.net,1
https://account.microsoft.com,0
http://wells-fargo.account-suspended.com,1
http://paypa1.com/verify,1
http://fake-site.net/verify?account=user&token=abc123&session=xyz,1
http://user@legitimate-site.com@phishing-site.com,1
http://amazom.com/account,1
http://wellsfargo.account-verify.com,1
https://www.cnn.com,0
https://www.netflix.com,0
https://www.youtube.com,0
https://www.venmo.com,0
https://drive.google.com,0
https://www.linkedin.com,0
http://citibank-security.update-now.net,1
http://amazon.com-account-verification.net/update,1
http://account-verify-2024.com/signin,1
https://www.nasa.gov,0
https://www.adobe.com,0
http://linkedin.profile-security.tk/check,1
http://www.amazon.com.security-check.net,1
https://www.binance.com,0
https://www.duckduckgo.com,0
https://www.discord.com,0
https://accounts.google.com,0
http://account-recovery-service.com/restore,1
http://blockchain-wallet.verify-account.net,1
https://www.etsy.com,0
http://citi-bank.verify-identity.net,1
https://www.booking.com,0
http://shopify-store.verify-payment.net,1
http://chase-online-banking.security-check.net,1
https://www.instagram.com,0
http://account-update-required.net/signin,1
http://etsy-shop.security-update.com,1
https://www.lyft.com,0
https://www.zoom.us,0
https://secure-login.paypal-verify.com/account,1
https://www.square.com,0
https://github.com/user/repository,0
http://paypal.com-secure-login.net/verify,1
http://coinbase-verify.account-security.net,1
https://www.telegram.org,0
https://www.dropbox.com,0
https://www.usa.gov,0
https://www.discover.com,0
https://www.wellsfargo.com,0
https://www.coursera.org,0
https://www.twitter.com,0
http://secure-login-account-verify-update-now.com,1
https://www.stanford.edu,0
https://www.tripadvisor.com,0
http://secure-login-verify.com/account,1
http://account.microsoft.com.verify-now.com,1
https://www.bestbuy.com,0
http://netflix.account-update.org/billing,1
https://www.microsoft.com,0
https://www.capitalone.com,0
